sample,25CAGACGG,25CATGTTT,25CCGGCAC,25CGGTTTT,25GGTGCGG,25GTTATAC,25GTTTTAT,25TCGAATG,25TGTCTTC,26CGGTTCG,26CTGGGCG,26GTTTCTT,26TCACTTT,26TTCGTTC,26TTGGTGG,26TTTTGGC,27ACGCAGT,27ACTATTG,27ACTCTAT,27ATGCTGA,27CCACGTA,27CTGAAGT,27GGCCGAT,27GGTGGGC,27GGTGTTG,27TATGAGC,27TCTTACG
LLL_gr_1,,,,,,,,0.98,,,,,,,,,,,,,,,,,,,
LML,,,,,,,,0.88,,,,,,,0.12,,,,,,,,,,,,
L_cran_HLN,,,,,,,,,,,,,,,,,,,,,,,,1.0,,,
RLL,0.01,0.04,,0.01,0.04,,,,0.04,0.06,0.02,,,0.14,,0.02,,0.25,0.06,0.07,,0.16,0.02,,0.01,0.03,
RLL_gr_1,,,,,,,,,,,,,1.0,,,,,,,,,,,,,,
RLL_gr_10,,,,,,,,0.98,,,,,,,,,,,,,,,,,,,
RLL_gr_11,,,1.0,,,,,,,,,,,,,,,,,,,,,,,,
RLL_gr_2,,,,,,,,,,,,,,,,,,,,,,,,0.77,,,
RLL_gr_3,,,,,,,,,,,,,,,,,,,,,,,,,,0.87,
RLL_gr_4,,,,,,,,,,,,,,,0.62,,,,,,0.38,,,,,,
RLL_gr_5,0.24,,,,,,,,,,,,,,,,,,,,,,,,,,0.76
RLL_gr_6_7,,,,,,,0.18,,,,,,,,,0.81,,,,,,,,,,,
RLL_gr_8,,,,,,,1.0,,,,,,,,,,,,,,,,,,,,
RLL_gr_9,,,,,,,,,,,,,,,,,1.0,,,,,,,,,,
RLL_gr_A,,,,,,0.99,,,,,,,,,,,,,,,,,,,,,
RLL_gr_B,,,,,,,,,,,,1.0,,,,,,,,,,,,,,,
RLL_gr_C,0.46,,,,,,,,,,,,,,,,,,,,,,,,,,0.44
R_carinal_LN_gr_1,0.03,,0.07,,,,0.02,0.2,,,,,,,0.07,,0.01,,,,0.02,,,0.46,,0.08,0.03
R_cran_HLN,,,,,,,,,,,,,,,,1.0,,,,,,,,,,,
